{
    "Amanita":[0,0.658648695,0.650102322,1.020431637,0.398830053,0.433039853,0.405520314,0.634415779,0.528746266,0.894065069,0.954784569,0.369780329,0.419783791,0.632911985,0.346413552,0.404467339,0.464528846,0.722278285],
    "Armillaria_mellea":[0.658648695,0,0.755668295,1.068512193,0.565376031,0.629341204,0.562893596,0.751518486,0.581490257,0.950691127,0.861017459,0.580145618,0.827679415,0.729930835,0.651002307,0.541951078,0.580058935,0.820117517],
    "Boletus":[0.650102322,0.755668295,0,1.075991841,0.55479901,0.560414137,0.538090867,0.708312921,0.553603216,0.911662991,0.88326619,0.588433267,0.728474507,0.632588148,0.683826577,0.593770167,0.80751675,0.842693424],
    "Cantharellus_cibarius":[1.020431637,1.068512193,1.075991841,0,0.967159023,0.95666006,0.990825367,1.04411309,1.055197833,1.050216225,1.002100218,0.912169558,0.994103485,1.102591403,1.176859167,1.013894033,0.94175671,0.92563756],
    "Collybia":[0.398830053,0.565376031,0.55479901,0.967159023,0,0.334506479,0.14618805,0.527149979,0.391922248,0.793871793,0.828933178,0.428165612,0.509843156,0.536475589,0.460058698,0.453723879,0.318530542,0.68966253],
    "Ganoderma":[0.433039853,0.629341204,0.560414137,0.95666006,0.334506479,0,0.369894303,0.5237404,0.130510158,0.712347103,0.734001422,0.419408039,0.450957061,0.590557603,0.427776039,0.384550376,0.388178947,0.736779476],
    "Laccaria":[0.405520314,0.562893596,0.538090867,0.990825367,0.14618805,0.369894303,0,0.574379616,0.393990965,0.794369818,0.893302653,0.451327841,0.538848666,0.559495373,0.478845035,0.488519236,0.367473641,0.703075683],
    "Lactarius":[0.634415779,0.751518486,0.708312921,1.04411309,0.527149979,0.5237404,0.574379616,0,0.613467621,0.890716912,0.839870184,0.538277371,0.649816849,0.251161961,0.661099897,0.584921562,0.596690484,0.80622083],
    "Lentinus_edodes":[0.528746266,0.581490257,0.553603216,1.055197833,0.391922248,0.130510158,0.393990965,0.613467621,0,0.808667611,0.765560515,0.487993934,0.575875555,0.670321749,0.521705025,0.479206843,0.389365218,0.800339102],
    "Morchella":[0.894065069,0.950691127,0.911662991,1.050216225,0.793871793,0.712347103,0.794369818,0.890716912,0.808667611,0,0.56524309,0.807823347,0.884243394,0.958195109,0.907097644,0.77938765,0.726481664,0.799699019],
    "Ophiocordyceps_sinensis":[0.954784569,0.861017459,0.88326619,1.002100218,0.828933178,0.734001422,0.893302653,0.839870184,0.765560515,0.56524309,0,0.891683866,0.977023747,0.908807198,0.960082334,0.828414093,0.824929493,0.904947247],
    "Pleurotus_citrinopileatus":[0.369780329,0.580145618,0.588433267,0.912169558,0.428165612,0.419408039,0.451327841,0.538277371,0.487993934,0.807823347,0.891683866,0,0.414791244,0.567086119,0.442434915,0.406017199,0.47904771,0.710090395],
    "Ramaria":[0.419783791,0.827679415,0.728474507,0.994103485,0.509843156,0.450957061,0.538848666,0.649816849,0.575875555,0.884243394,0.977023747,0.414791244,0,0.692072273,0.473015273,0.49795392,0.585312922,0.767863269],
    "Russula":[0.632911985,0.729930835,0.632588148,1.102591403,0.536475589,0.590557603,0.559495373,0.251161961,0.670321749,0.958195109,0.908807198,0.567086119,0.692072273,0,0.695368492,0.579803961,0.706326723,0.798969216],
    "Saarcodon_imbricatum":[0.346413552,0.651002307,0.683826577,1.176859167,0.460058698,0.427776039,0.478845035,0.661099897,0.521705025,0.907097644,0.960082334,0.442434915,0.473015273,0.695368492,0,0.333813529,0.524966885,0.819179608],
    "Thelephora_ganbajun":[0.404467339,0.541951078,0.593770167,1.013894033,0.453723879,0.384550376,0.488519236,0.584921562,0.479206843,0.77938765,0.828414093,0.406017199,0.49795392,0.579803961,0.333813529,0,0.539018787,0.722642698],
    "Trichloma_matsutake":[0.464528846,0.580058935,0.80751675,0.94175671,0.318530542,0.388178947,0.367473641,0.596690484,0.389365218,0.726481664,0.824929493,0.47904771,0.585312922,0.706326723,0.524966885,0.539018787,0,0.768363649],
    "Tuber":[0.722278285,0.820117517,0.842693424,0.92563756,0.68966253,0.736779476,0.703075683,0.80622083,0.800339102,0.799699019,0.904947247,0.710090395,0.767863269,0.798969216,0.819179608,0.722642698,0.768363649,0]
}